<?xml version="1.0" encoding="UTF-8"?>
<project-private xmlns="http://www.netbeans.org/ns/project-private/1">
    <editor-bookmarks xmlns="http://www.netbeans.org/ns/editor-bookmarks/2" lastBookmarkId="0"/>
    <open-files xmlns="http://www.netbeans.org/ns/projectui-open-files/2">
        <group>
            <file>file:/home/andres/NetBeansProjects/Tarea%20Programada%20%232/src/tp2/DoubleList.java</file>
            <file>file:/home/andres/NetBeansProjects/Tarea%20Programada%20%232/src/tp2/BACSystem.java</file>
            <file>file:/home/andres/NetBeansProjects/Tarea%20Programada%20%232/src/tp2/Reports.java</file>
            <file>file:/home/andres/NetBeansProjects/Tarea%20Programada%20%232/src/tp2/Queue.java</file>
            <file>file:/home/andres/NetBeansProjects/Tarea%20Programada%20%232/src/tp2/BAC.java</file>
            <file>file:/home/andres/NetBeansProjects/Tarea%20Programada%20%232/src/tp2/EmailManagement.java</file>
        </group>
    </open-files>
</project-private>
